INSERT INTO users
(id, name, dow, is_active, alarm_time, notification_time, should_notify)

VALUES
('fl8URYOJZKGh8giIjB5iSumG0UoMYzPLIOtyzS8kywrykJ9vYU3c9L3H8MVCSIPWZ26wNJB8uhN41sUPcolEoL8rSGkMvIC2hqQ6VgrjmrlIxU1EnbxZrKkv6pxeVw3FTXlJD8ICfvh4UBWT1nfzrDDHhiJqu6c6g761wC7HykqmlUHzLS1OGbxldfFZlTeL2NpgrJ6dV3cfalBI63I3JMYsWqL83VwyU09zJiynGi5FQqF7Z1sFm1ZhmaIMrEg', 'julie', 1, true,  '08:00:00', '20:00:00', true ),
('YZX2iQYVQL5x1Al2VxAAfHTcZ0BQf5SACPuuvEeBQG7cfNnNpAGGLYNIyLIilso2hdMI9LLX2JffyMeNWP7P4ExMnTrgkwgGmbjnb3lpNrniuiKZw6J3ne0nnJjdHaMtAV596Nz1FttYjRwpTSgvsrN9RShN1iHttUqYg4uH87kVj04nn16EC5BSpTRMCW9DX6UHPtfzicJryMctEqR9qeZVwWlwp9zpa1axrGJuWjitEwVAydQiJXiBIuKvHey', '', 2, false, '18:30:00', '20:00:00', false),
('jbRIUzUKsK1JCV73Z2U75cLUe6wL63LmxvQwrUxmrFbZiTVlPersZkrJrbzeAPx1OhuyWH7JqgsrElePrvqwCFbdE1yB6kOBO9BXbBCu5uVxVIaGHX0gCrygdm9UjjCusCnUEG4jWtN3K8zNFB4VWF96Vk4VC6Z81EnZ3K2hsAerFLGL6MZMCU3uhBJyWWi0X1wWavHuFBNucFxzzFSZj5mzlroXbRo2dKIJOH5MUE5ylTQNcGc51XwcaswNmhC', 'alfred', 3, true,  '10:01:00', '18:00:00', false),
('XuTWcugeUqFaWsFrxr5wesyIzOFl13CIb1wIXxtZ2cku1LcYha72GdqsYJjjELfFjEkzZz5ShceAwWBtxZAcq4xJ0aoIA7w1cltqKe0x9Togg8ocqxxmQo5OAQSe8NT9ClQ2zok6C7FYPWyZ7TrMlAPEqypEOpxyGftqU0GREcdxspNLuHJRxY1FYekIwvx2q70C4izHzA4trEn6NbKaz0VLXwilD6xQQ3rgOQzpcFkjE6FyNjfV3g5tAM3uByB', 'dylan', 4, true,  '21:00:00', '10:00:00', true ),
('0RDecJlWWfkgo9zMjpzdjrjNpQEy4ZifTryskO7fjpVitQXEE0K9SO5hQphPbPx4WcQ4N67FOfhgMnDUa0OBqDAPiHjDsTeCQQPJMUvAJ1RrO5fmdl5r0N6ntEUk49HEgPnnolO2G9sk7aCfGeDXgbnLnNdTZgrOI1xfxmNIGaOhMYBYVcf14CtxhmSOVEfenO4lmCh7T1bk58xklvHYxbnPGFJN2GOg3r7WaJjbu4t7EUyQpnY5z6P8far0VuZ', 'robert', 5, false, '06:00:00', '21:00:00', false),
('rauwiRiUuVnkvXCT6bi9XZeYv6r4jAKopUA9y4SrnUWYh4s2eD9kLdUwASThlLWENugZlAraclF5zBcFAzR2ZnVWUJBZPIEUewdnNG7g0Vn0Nu2t8W6oeu6eV5XNmkmwtW0jGfgGNf0jvllexwhb2UdkR67V1AEcpOGrXprGB710CYlYX5mcWLC1Ix6Agk8YXoYyY0ktnxCZMD9fDvZzaghua93uliYl3t8u53ZtgkzyrJlmt4dM1Cd4P9hfrqO', 'carole', 6, false, '60:00:00', '20:00:00', true ),
('9tZIihGeYmEuW0frnfk6mwsJ497LHRBlmnVDjHAD89tBGSyxXXsoecPonUoWxQljEmr5ZLGrS5EAJ3Q9jTUYdKw0aZ75ioUUuiQMrA8tdioDCjJZAGZxdErpbjJ8JnDVJ1wI1W6KouxLq7GW3sNHq7RM9q6TBR5Kh0Z93LvxIEYuxP5uQL5NBHgNlyq33Pi03GgL9lxy7nF9HD0nWivEi3iNYXjhoBfA7CssY08Xob9NyHeEvHMcvME90M5upCA', 'katherine', 7, true,  '68:00:00', '20:00:00', true ),
('2RkvkY6caBETPx2c7vch3963JswVuBgivQrmm4Khr59t8fT2IyLmqNWWEU02OXUf3EVfG9YVh0WecX4jxcZ9cuSxCIa46xu86RXzviqzUe5I4szWcdP8RG20Tb3t7fn6fQl2mIpeRwkienaHAGM0vq6z9y1U5H4KQVrIk8wY6yaNzHnyG4lfGFjXOsUfpx64HTkAcNlPX64lRCTZZ4WRlFKZ5b6YBfB5UfvzNaODJbTSQtDSzHNP1DgVCT41Uj2', 'david', 8, false, '08:00:00', '00:00:00', false),
('8Nx4N1X1MTCgosFp0KTk83PrOXpsX6eaTHAweV3jWYdBUwEwcHhytptvHZB2R4U6vf0dVbcESVQV2c1p890vsB0Pw925xCfJTpyUrCRcHH31Eg89HJNA8J5F74O6kiYygyLWBbVvr5gij5sLn8yGiZmff6SaGBg8ECJOSbc1oiqnFRdiqHXWCNP3xgghMcGXrqIvAGphrLC8q4p2TkjzTqap3G17QeXMiLLG4r0nqzN45fIGP8gNozfMwy2ABex', '  ', 0, true,  '21:00:00', '08:00:00', true ),
('mxhZVfzF2PEwUidkBr9uNjcWY4eRKOIDyPGPBqfF6jaEjnTvDSochAHC3tWPDYZMNk2KFMtq2MBWy48R4aVsbtH7ijHWBAEEcAXLsCn8n70m6AvxnKdtcA0iEJMvxESX1nxNxbgZ1UVlDszaozICRK7RctllgL2cJmoBkyq57k9zxOAf1vQwzx3BAvBI6Y0QE4JDGra1aqVEGvMpxzhlQseQVCgtTMBnXWhwUEultuuE4gywJr8jdo6tylDMdnS', 'bloo', 1, false, '08:00:00', '20:00:00', true );

INSERT INTO words
(user_id, word)

VALUES
('fl8URYOJZKGh8giIjB5iSumG0UoMYzPLIOtyzS8kywrykJ9vYU3c9L3H8MVCSIPWZ26wNJB8uhN41sUPcolEoL8rSGkMvIC2hqQ6VgrjmrlIxU1EnbxZrKkv6pxeVw3FTXlJD8ICfvh4UBWT1nfzrDDHhiJqu6c6g761wC7HykqmlUHzLS1OGbxldfFZlTeL2NpgrJ6dV3cfalBI63I3JMYsWqL83VwyU09zJiynGi5FQqF7Z1sFm1ZhmaIMrEg', 'ok'),
('fl8URYOJZKGh8giIjB5iSumG0UoMYzPLIOtyzS8kywrykJ9vYU3c9L3H8MVCSIPWZ26wNJB8uhN41sUPcolEoL8rSGkMvIC2hqQ6VgrjmrlIxU1EnbxZrKkv6pxeVw3FTXlJD8ICfvh4UBWT1nfzrDDHhiJqu6c6g761wC7HykqmlUHzLS1OGbxldfFZlTeL2NpgrJ6dV3cfalBI63I3JMYsWqL83VwyU09zJiynGi5FQqF7Z1sFm1ZhmaIMrEg', 'could be better!'),
('YZX2iQYVQL5x1Al2VxAAfHTcZ0BQf5SACPuuvEeBQG7cfNnNpAGGLYNIyLIilso2hdMI9LLX2JffyMeNWP7P4ExMnTrgkwgGmbjnb3lpNrniuiKZw6J3ne0nnJjdHaMtAV596Nz1FttYjRwpTSgvsrN9RShN1iHttUqYg4uH87kVj04nn16EC5BSpTRMCW9DX6UHPtfzicJryMctEqR9qeZVwWlwp9zpa1axrGJuWjitEwVAydQiJXiBIuKvHey', 'all is good'),
('YZX2iQYVQL5x1Al2VxAAfHTcZ0BQf5SACPuuvEeBQG7cfNnNpAGGLYNIyLIilso2hdMI9LLX2JffyMeNWP7P4ExMnTrgkwgGmbjnb3lpNrniuiKZw6J3ne0nnJjdHaMtAV596Nz1FttYjRwpTSgvsrN9RShN1iHttUqYg4uH87kVj04nn16EC5BSpTRMCW9DX6UHPtfzicJryMctEqR9qeZVwWlwp9zpa1axrGJuWjitEwVAydQiJXiBIuKvHey', 'aaaaaaaaaaaaaaaaa'),
('jbRIUzUKsK1JCV73Z2U75cLUe6wL63LmxvQwrUxmrFbZiTVlPersZkrJrbzeAPx1OhuyWH7JqgsrElePrvqwCFbdE1yB6kOBO9BXbBCu5uVxVIaGHX0gCrygdm9UjjCusCnUEG4jWtN3K8zNFB4VWF96Vk4VC6Z81EnZ3K2hsAerFLGL6MZMCU3uhBJyWWi0X1wWavHuFBNucFxzzFSZj5mzlroXbRo2dKIJOH5MUE5ylTQNcGc51XwcaswNmhC', 'empty'),
('jbRIUzUKsK1JCV73Z2U75cLUe6wL63LmxvQwrUxmrFbZiTVlPersZkrJrbzeAPx1OhuyWH7JqgsrElePrvqwCFbdE1yB6kOBO9BXbBCu5uVxVIaGHX0gCrygdm9UjjCusCnUEG4jWtN3K8zNFB4VWF96Vk4VC6Z81EnZ3K2hsAerFLGL6MZMCU3uhBJyWWi0X1wWavHuFBNucFxzzFSZj5mzlroXbRo2dKIJOH5MUE5ylTQNcGc51XwcaswNmhC', ''),
('XuTWcugeUqFaWsFrxr5wesyIzOFl13CIb1wIXxtZ2cku1LcYha72GdqsYJjjELfFjEkzZz5ShceAwWBtxZAcq4xJ0aoIA7w1cltqKe0x9Togg8ocqxxmQo5OAQSe8NT9ClQ2zok6C7FYPWyZ7TrMlAPEqypEOpxyGftqU0GREcdxspNLuHJRxY1FYekIwvx2q70C4izHzA4trEn6NbKaz0VLXwilD6xQQ3rgOQzpcFkjE6FyNjfV3g5tAM3uByB', 'bad'),
('XuTWcugeUqFaWsFrxr5wesyIzOFl13CIb1wIXxtZ2cku1LcYha72GdqsYJjjELfFjEkzZz5ShceAwWBtxZAcq4xJ0aoIA7w1cltqKe0x9Togg8ocqxxmQo5OAQSe8NT9ClQ2zok6C7FYPWyZ7TrMlAPEqypEOpxyGftqU0GREcdxspNLuHJRxY1FYekIwvx2q70C4izHzA4trEn6NbKaz0VLXwilD6xQQ3rgOQzpcFkjE6FyNjfV3g5tAM3uByB', 'sad'),
('0RDecJlWWfkgo9zMjpzdjrjNpQEy4ZifTryskO7fjpVitQXEE0K9SO5hQphPbPx4WcQ4N67FOfhgMnDUa0OBqDAPiHjDsTeCQQPJMUvAJ1RrO5fmdl5r0N6ntEUk49HEgPnnolO2G9sk7aCfGeDXgbnLnNdTZgrOI1xfxmNIGaOhMYBYVcf14CtxhmSOVEfenO4lmCh7T1bk58xklvHYxbnPGFJN2GOg3r7WaJjbu4t7EUyQpnY5z6P8far0VuZ', 'yeah'),
('0RDecJlWWfkgo9zMjpzdjrjNpQEy4ZifTryskO7fjpVitQXEE0K9SO5hQphPbPx4WcQ4N67FOfhgMnDUa0OBqDAPiHjDsTeCQQPJMUvAJ1RrO5fmdl5r0N6ntEUk49HEgPnnolO2G9sk7aCfGeDXgbnLnNdTZgrOI1xfxmNIGaOhMYBYVcf14CtxhmSOVEfenO4lmCh7T1bk58xklvHYxbnPGFJN2GOg3r7WaJjbu4t7EUyQpnY5z6P8far0VuZ', 'ok'),
('rauwiRiUuVnkvXCT6bi9XZeYv6r4jAKopUA9y4SrnUWYh4s2eD9kLdUwASThlLWENugZlAraclF5zBcFAzR2ZnVWUJBZPIEUewdnNG7g0Vn0Nu2t8W6oeu6eV5XNmkmwtW0jGfgGNf0jvllexwhb2UdkR67V1AEcpOGrXprGB710CYlYX5mcWLC1Ix6Agk8YXoYyY0ktnxCZMD9fDvZzaghua93uliYl3t8u53ZtgkzyrJlmt4dM1Cd4P9hfrqO', 'ok'),
('rauwiRiUuVnkvXCT6bi9XZeYv6r4jAKopUA9y4SrnUWYh4s2eD9kLdUwASThlLWENugZlAraclF5zBcFAzR2ZnVWUJBZPIEUewdnNG7g0Vn0Nu2t8W6oeu6eV5XNmkmwtW0jGfgGNf0jvllexwhb2UdkR67V1AEcpOGrXprGB710CYlYX5mcWLC1Ix6Agk8YXoYyY0ktnxCZMD9fDvZzaghua93uliYl3t8u53ZtgkzyrJlmt4dM1Cd4P9hfrqO', 'ok'),
('9tZIihGeYmEuW0frnfk6mwsJ497LHRBlmnVDjHAD89tBGSyxXXsoecPonUoWxQljEmr5ZLGrS5EAJ3Q9jTUYdKw0aZ75ioUUuiQMrA8tdioDCjJZAGZxdErpbjJ8JnDVJ1wI1W6KouxLq7GW3sNHq7RM9q6TBR5Kh0Z93LvxIEYuxP5uQL5NBHgNlyq33Pi03GgL9lxy7nF9HD0nWivEi3iNYXjhoBfA7CssY08Xob9NyHeEvHMcvME90M5upCA', ''),
('9tZIihGeYmEuW0frnfk6mwsJ497LHRBlmnVDjHAD89tBGSyxXXsoecPonUoWxQljEmr5ZLGrS5EAJ3Q9jTUYdKw0aZ75ioUUuiQMrA8tdioDCjJZAGZxdErpbjJ8JnDVJ1wI1W6KouxLq7GW3sNHq7RM9q6TBR5Kh0Z93LvxIEYuxP5uQL5NBHgNlyq33Pi03GgL9lxy7nF9HD0nWivEi3iNYXjhoBfA7CssY08Xob9NyHeEvHMcvME90M5upCA', ''),
('2RkvkY6caBETPx2c7vch3963JswVuBgivQrmm4Khr59t8fT2IyLmqNWWEU02OXUf3EVfG9YVh0WecX4jxcZ9cuSxCIa46xu86RXzviqzUe5I4szWcdP8RG20Tb3t7fn6fQl2mIpeRwkienaHAGM0vq6z9y1U5H4KQVrIk8wY6yaNzHnyG4lfGFjXOsUfpx64HTkAcNlPX64lRCTZZ4WRlFKZ5b6YBfB5UfvzNaODJbTSQtDSzHNP1DgVCT41Uj2', 'what'),
('2RkvkY6caBETPx2c7vch3963JswVuBgivQrmm4Khr59t8fT2IyLmqNWWEU02OXUf3EVfG9YVh0WecX4jxcZ9cuSxCIa46xu86RXzviqzUe5I4szWcdP8RG20Tb3t7fn6fQl2mIpeRwkienaHAGM0vq6z9y1U5H4KQVrIk8wY6yaNzHnyG4lfGFjXOsUfpx64HTkAcNlPX64lRCTZZ4WRlFKZ5b6YBfB5UfvzNaODJbTSQtDSzHNP1DgVCT41Uj2', 'happy'),
('8Nx4N1X1MTCgosFp0KTk83PrOXpsX6eaTHAweV3jWYdBUwEwcHhytptvHZB2R4U6vf0dVbcESVQV2c1p890vsB0Pw925xCfJTpyUrCRcHH31Eg89HJNA8J5F74O6kiYygyLWBbVvr5gij5sLn8yGiZmff6SaGBg8ECJOSbc1oiqnFRdiqHXWCNP3xgghMcGXrqIvAGphrLC8q4p2TkjzTqap3G17QeXMiLLG4r0nqzN45fIGP8gNozfMwy2ABex', 'excited'),
('8Nx4N1X1MTCgosFp0KTk83PrOXpsX6eaTHAweV3jWYdBUwEwcHhytptvHZB2R4U6vf0dVbcESVQV2c1p890vsB0Pw925xCfJTpyUrCRcHH31Eg89HJNA8J5F74O6kiYygyLWBbVvr5gij5sLn8yGiZmff6SaGBg8ECJOSbc1oiqnFRdiqHXWCNP3xgghMcGXrqIvAGphrLC8q4p2TkjzTqap3G17QeXMiLLG4r0nqzN45fIGP8gNozfMwy2ABex', 'eggcited'),
('mxhZVfzF2PEwUidkBr9uNjcWY4eRKOIDyPGPBqfF6jaEjnTvDSochAHC3tWPDYZMNk2KFMtq2MBWy48R4aVsbtH7ijHWBAEEcAXLsCn8n70m6AvxnKdtcA0iEJMvxESX1nxNxbgZ1UVlDszaozICRK7RctllgL2cJmoBkyq57k9zxOAf1vQwzx3BAvBI6Y0QE4JDGra1aqVEGvMpxzhlQseQVCgtTMBnXWhwUEultuuE4gywJr8jdo6tylDMdnS', 'this'),
('mxhZVfzF2PEwUidkBr9uNjcWY4eRKOIDyPGPBqfF6jaEjnTvDSochAHC3tWPDYZMNk2KFMtq2MBWy48R4aVsbtH7ijHWBAEEcAXLsCn8n70m6AvxnKdtcA0iEJMvxESX1nxNxbgZ1UVlDszaozICRK7RctllgL2cJmoBkyq57k9zxOAf1vQwzx3BAvBI6Y0QE4JDGra1aqVEGvMpxzhlQseQVCgtTMBnXWhwUEultuuE4gywJr8jdo6tylDMdnS', 'that');


INSERT INTO outlooks
(user_id, outlook)

VALUES
('fl8URYOJZKGh8giIjB5iSumG0UoMYzPLIOtyzS8kywrykJ9vYU3c9L3H8MVCSIPWZ26wNJB8uhN41sUPcolEoL8rSGkMvIC2hqQ6VgrjmrlIxU1EnbxZrKkv6pxeVw3FTXlJD8ICfvh4UBWT1nfzrDDHhiJqu6c6g761wC7HykqmlUHzLS1OGbxldfFZlTeL2NpgrJ6dV3cfalBI63I3JMYsWqL83VwyU09zJiynGi5FQqF7Z1sFm1ZhmaIMrEg', 'I think I want to have a lot of fun!'),
('fl8URYOJZKGh8giIjB5iSumG0UoMYzPLIOtyzS8kywrykJ9vYU3c9L3H8MVCSIPWZ26wNJB8uhN41sUPcolEoL8rSGkMvIC2hqQ6VgrjmrlIxU1EnbxZrKkv6pxeVw3FTXlJD8ICfvh4UBWT1nfzrDDHhiJqu6c6g761wC7HykqmlUHzLS1OGbxldfFZlTeL2NpgrJ6dV3cfalBI63I3JMYsWqL83VwyU09zJiynGi5FQqF7Z1sFm1ZhmaIMrEg', 'I don\'t know!'),
('YZX2iQYVQL5x1Al2VxAAfHTcZ0BQf5SACPuuvEeBQG7cfNnNpAGGLYNIyLIilso2hdMI9LLX2JffyMeNWP7P4ExMnTrgkwgGmbjnb3lpNrniuiKZw6J3ne0nnJjdHaMtAV596Nz1FttYjRwpTSgvsrN9RShN1iHttUqYg4uH87kVj04nn16EC5BSpTRMCW9DX6UHPtfzicJryMctEqR9qeZVwWlwp9zpa1axrGJuWjitEwVAydQiJXiBIuKvHey', 'I feel like I could use a lot of me time and want to relax'),
('YZX2iQYVQL5x1Al2VxAAfHTcZ0BQf5SACPuuvEeBQG7cfNnNpAGGLYNIyLIilso2hdMI9LLX2JffyMeNWP7P4ExMnTrgkwgGmbjnb3lpNrniuiKZw6J3ne0nnJjdHaMtAV596Nz1FttYjRwpTSgvsrN9RShN1iHttUqYg4uH87kVj04nn16EC5BSpTRMCW9DX6UHPtfzicJryMctEqR9qeZVwWlwp9zpa1axrGJuWjitEwVAydQiJXiBIuKvHey', 'aaaaaaaaaaa aa a aaa'),
('jbRIUzUKsK1JCV73Z2U75cLUe6wL63LmxvQwrUxmrFbZiTVlPersZkrJrbzeAPx1OhuyWH7JqgsrElePrvqwCFbdE1yB6kOBO9BXbBCu5uVxVIaGHX0gCrygdm9UjjCusCnUEG4jWtN3K8zNFB4VWF96Vk4VC6Z81EnZ3K2hsAerFLGL6MZMCU3uhBJyWWi0X1wWavHuFBNucFxzzFSZj5mzlroXbRo2dKIJOH5MUE5ylTQNcGc51XwcaswNmhC', 'emptyqlidjdnwelci clqjn clqeijkd clasl cqlijen'),
('jbRIUzUKsK1JCV73Z2U75cLUe6wL63LmxvQwrUxmrFbZiTVlPersZkrJrbzeAPx1OhuyWH7JqgsrElePrvqwCFbdE1yB6kOBO9BXbBCu5uVxVIaGHX0gCrygdm9UjjCusCnUEG4jWtN3K8zNFB4VWF96Vk4VC6Z81EnZ3K2hsAerFLGL6MZMCU3uhBJyWWi0X1wWavHuFBNucFxzzFSZj5mzlroXbRo2dKIJOH5MUE5ylTQNcGc51XwcaswNmhC', 'Ce nao ta entendendo o que eu to falando'),
('XuTWcugeUqFaWsFrxr5wesyIzOFl13CIb1wIXxtZ2cku1LcYha72GdqsYJjjELfFjEkzZz5ShceAwWBtxZAcq4xJ0aoIA7w1cltqKe0x9Togg8ocqxxmQo5OAQSe8NT9ClQ2zok6C7FYPWyZ7TrMlAPEqypEOpxyGftqU0GREcdxspNLuHJRxY1FYekIwvx2q70C4izHzA4trEn6NbKaz0VLXwilD6xQQ3rgOQzpcFkjE6FyNjfV3g5tAM3uByB', 'uma vez solteiro solteeiro ate o fim'),
('XuTWcugeUqFaWsFrxr5wesyIzOFl13CIb1wIXxtZ2cku1LcYha72GdqsYJjjELfFjEkzZz5ShceAwWBtxZAcq4xJ0aoIA7w1cltqKe0x9Togg8ocqxxmQo5OAQSe8NT9ClQ2zok6C7FYPWyZ7TrMlAPEqypEOpxyGftqU0GREcdxspNLuHJRxY1FYekIwvx2q70C4izHzA4trEn6NbKaz0VLXwilD6xQQ3rgOQzpcFkjE6FyNjfV3g5tAM3uByB', 'I want to get a lot done'),
('0RDecJlWWfkgo9zMjpzdjrjNpQEy4ZifTryskO7fjpVitQXEE0K9SO5hQphPbPx4WcQ4N67FOfhgMnDUa0OBqDAPiHjDsTeCQQPJMUvAJ1RrO5fmdl5r0N6ntEUk49HEgPnnolO2G9sk7aCfGeDXgbnLnNdTZgrOI1xfxmNIGaOhMYBYVcf14CtxhmSOVEfenO4lmCh7T1bk58xklvHYxbnPGFJN2GOg3r7WaJjbu4t7EUyQpnY5z6P8far0VuZ', 'it feels like we only go backwards'),
('0RDecJlWWfkgo9zMjpzdjrjNpQEy4ZifTryskO7fjpVitQXEE0K9SO5hQphPbPx4WcQ4N67FOfhgMnDUa0OBqDAPiHjDsTeCQQPJMUvAJ1RrO5fmdl5r0N6ntEUk49HEgPnnolO2G9sk7aCfGeDXgbnLnNdTZgrOI1xfxmNIGaOhMYBYVcf14CtxhmSOVEfenO4lmCh7T1bk58xklvHYxbnPGFJN2GOg3r7WaJjbu4t7EUyQpnY5z6P8far0VuZ', 'iae tadogue'),
('rauwiRiUuVnkvXCT6bi9XZeYv6r4jAKopUA9y4SrnUWYh4s2eD9kLdUwASThlLWENugZlAraclF5zBcFAzR2ZnVWUJBZPIEUewdnNG7g0Vn0Nu2t8W6oeu6eV5XNmkmwtW0jGfgGNf0jvllexwhb2UdkR67V1AEcpOGrXprGB710CYlYX5mcWLC1Ix6Agk8YXoYyY0ktnxCZMD9fDvZzaghua93uliYl3t8u53ZtgkzyrJlmt4dM1Cd4P9hfrqO', 'this is an easter egg. Let me know you found this!'),
('rauwiRiUuVnkvXCT6bi9XZeYv6r4jAKopUA9y4SrnUWYh4s2eD9kLdUwASThlLWENugZlAraclF5zBcFAzR2ZnVWUJBZPIEUewdnNG7g0Vn0Nu2t8W6oeu6eV5XNmkmwtW0jGfgGNf0jvllexwhb2UdkR67V1AEcpOGrXprGB710CYlYX5mcWLC1Ix6Agk8YXoYyY0ktnxCZMD9fDvZzaghua93uliYl3t8u53ZtgkzyrJlmt4dM1Cd4P9hfrqO', 'there might be a better way out of this'),
('9tZIihGeYmEuW0frnfk6mwsJ497LHRBlmnVDjHAD89tBGSyxXXsoecPonUoWxQljEmr5ZLGrS5EAJ3Q9jTUYdKw0aZ75ioUUuiQMrA8tdioDCjJZAGZxdErpbjJ8JnDVJ1wI1W6KouxLq7GW3sNHq7RM9q6TBR5Kh0Z93LvxIEYuxP5uQL5NBHgNlyq33Pi03GgL9lxy7nF9HD0nWivEi3iNYXjhoBfA7CssY08Xob9NyHeEvHMcvME90M5upCA', 'i feel like im stuck in a dream'),
('9tZIihGeYmEuW0frnfk6mwsJ497LHRBlmnVDjHAD89tBGSyxXXsoecPonUoWxQljEmr5ZLGrS5EAJ3Q9jTUYdKw0aZ75ioUUuiQMrA8tdioDCjJZAGZxdErpbjJ8JnDVJ1wI1W6KouxLq7GW3sNHq7RM9q6TBR5Kh0Z93LvxIEYuxP5uQL5NBHgNlyq33Pi03GgL9lxy7nF9HD0nWivEi3iNYXjhoBfA7CssY08Xob9NyHeEvHMcvME90M5upCA', 'unix timestamp is a terrible idea, but not as terrible as it could have otherwise been!'),
('2RkvkY6caBETPx2c7vch3963JswVuBgivQrmm4Khr59t8fT2IyLmqNWWEU02OXUf3EVfG9YVh0WecX4jxcZ9cuSxCIa46xu86RXzviqzUe5I4szWcdP8RG20Tb3t7fn6fQl2mIpeRwkienaHAGM0vq6z9y1U5H4KQVrIk8wY6yaNzHnyG4lfGFjXOsUfpx64HTkAcNlPX64lRCTZZ4WRlFKZ5b6YBfB5UfvzNaODJbTSQtDSzHNP1DgVCT41Uj2', 'ok, this is enough outlooks, really'),
('2RkvkY6caBETPx2c7vch3963JswVuBgivQrmm4Khr59t8fT2IyLmqNWWEU02OXUf3EVfG9YVh0WecX4jxcZ9cuSxCIa46xu86RXzviqzUe5I4szWcdP8RG20Tb3t7fn6fQl2mIpeRwkienaHAGM0vq6z9y1U5H4KQVrIk8wY6yaNzHnyG4lfGFjXOsUfpx64HTkAcNlPX64lRCTZZ4WRlFKZ5b6YBfB5UfvzNaODJbTSQtDSzHNP1DgVCT41Uj2', 'my outlook is great'),
('8Nx4N1X1MTCgosFp0KTk83PrOXpsX6eaTHAweV3jWYdBUwEwcHhytptvHZB2R4U6vf0dVbcESVQV2c1p890vsB0Pw925xCfJTpyUrCRcHH31Eg89HJNA8J5F74O6kiYygyLWBbVvr5gij5sLn8yGiZmff6SaGBg8ECJOSbc1oiqnFRdiqHXWCNP3xgghMcGXrqIvAGphrLC8q4p2TkjzTqap3G17QeXMiLLG4r0nqzN45fIGP8gNozfMwy2ABex', 'im feeling amazing about tomorrow'),
('8Nx4N1X1MTCgosFp0KTk83PrOXpsX6eaTHAweV3jWYdBUwEwcHhytptvHZB2R4U6vf0dVbcESVQV2c1p890vsB0Pw925xCfJTpyUrCRcHH31Eg89HJNA8J5F74O6kiYygyLWBbVvr5gij5sLn8yGiZmff6SaGBg8ECJOSbc1oiqnFRdiqHXWCNP3xgghMcGXrqIvAGphrLC8q4p2TkjzTqap3G17QeXMiLLG4r0nqzN45fIGP8gNozfMwy2ABex', 'eggcited'),
('mxhZVfzF2PEwUidkBr9uNjcWY4eRKOIDyPGPBqfF6jaEjnTvDSochAHC3tWPDYZMNk2KFMtq2MBWy48R4aVsbtH7ijHWBAEEcAXLsCn8n70m6AvxnKdtcA0iEJMvxESX1nxNxbgZ1UVlDszaozICRK7RctllgL2cJmoBkyq57k9zxOAf1vQwzx3BAvBI6Y0QE4JDGra1aqVEGvMpxzhlQseQVCgtTMBnXWhwUEultuuE4gywJr8jdo6tylDMdnS', 'keep away from timezones!'),
('mxhZVfzF2PEwUidkBr9uNjcWY4eRKOIDyPGPBqfF6jaEjnTvDSochAHC3tWPDYZMNk2KFMtq2MBWy48R4aVsbtH7ijHWBAEEcAXLsCn8n70m6AvxnKdtcA0iEJMvxESX1nxNxbgZ1UVlDszaozICRK7RctllgL2cJmoBkyq57k9zxOAf1vQwzx3BAvBI6Y0QE4JDGra1aqVEGvMpxzhlQseQVCgtTMBnXWhwUEultuuE4gywJr8jdo6tylDMdnS', 'also, i really think military time is a superior representation');
